epoch,time,train/box_loss,train/seg_loss,train/cls_loss,train/dfl_loss,metrics/precision(B),metrics/recall(B),metrics/mAP50(B),metrics/mAP50-95(B),metrics/precision(M),metrics/recall(M),metrics/mAP50(M),metrics/mAP50-95(M),val/box_loss,val/seg_loss,val/cls_loss,val/dfl_loss,lr/pg0,lr/pg1,lr/pg2
1,5.44328,4.14819,6.34929,4.33769,2.83532,0,0,0,0,0,0,0,0,4.02638,15.0528,3.98856,2.8803,0.09307,7e-05,7e-05
2,10.2373,2.79722,4.19763,3.38794,1.7041,0.00454,0.22685,0.07455,0.01416,0,0,0,0,3.60001,22.6688,3.07601,2.55102,0.08515,0.000149963,0.000149963
3,14.8208,2.43431,3.06199,2.29425,1.36384,0.00417,0.20833,0.07068,0.01324,0,0,0,0,3.72502,25.9583,3.84201,2.58126,0.0772298,0.000229775,0.000229775
4,19.2681,2.219,2.81169,2.02008,1.2509,0.00472,0.23611,0.02222,0.00531,0,0,0,0,3.56921,9.52939,3.57717,2.38701,0.0693093,0.000309319,0.000309319
5,23.748,2.08712,2.62242,1.78462,1.20779,0.06023,0.32011,0.05594,0.01245,0.13433,0.16071,0.1327,0.07186,2.89951,5.00375,3.21612,1.92685,0.0613885,0.000388478,0.000388478
6,28.3587,2.03388,2.67805,1.65677,1.17321,0.07396,0.45188,0.15865,0.04188,0.08315,0.16518,0.09869,0.04866,2.72262,5.95131,2.97637,1.65154,0.0534671,0.000467136,0.000467136
7,32.7747,1.92436,2.59465,1.46812,1.14066,0.08276,0.49603,0.16702,0.03935,0.07434,0.1875,0.1112,0.05509,2.60737,5.22328,3.03556,1.6548,0.0455452,0.000545178,0.000545178
8,37.0844,1.87387,2.52681,1.41854,1.1557,0.15122,0.46511,0.17357,0.04042,0.18455,0.19196,0.18978,0.10733,2.66939,3.86843,3.00406,1.56567,0.0376225,0.00062249,0.00062249
9,41.4541,2.01602,2.64546,1.42289,1.12825,0.15824,0.48247,0.33289,0.12295,0.14179,0.16964,0.14847,0.08503,2.19205,3.62896,2.66523,1.28646,0.029699,0.000698959,0.000698959
10,45.8069,1.96489,2.47805,1.3632,1.15449,0.40586,0.29167,0.28446,0.10664,0.18014,0.18899,0.17136,0.10167,2.32223,3.32653,2.5385,1.31661,0.0217745,0.000774473,0.000774473
11,50.4347,2.13668,2.61064,1.34674,1.16233,0.47947,0.58747,0.49479,0.22174,0.38659,0.26835,0.31915,0.14485,2.21017,2.51269,2.46338,1.24506,0.0138489,0.000848922,0.000848922
12,55.5888,1.89702,2.48024,1.29646,1.13068,0.336,0.86045,0.69759,0.30198,0.31353,0.5248,0.43107,0.21975,1.9248,2.29267,2.05168,1.20556,0.0059222,0.000922199,0.000922199
13,60.7738,1.77702,2.21956,1.22556,1.11219,0.19097,0.85119,0.67721,0.2698,0.19192,0.55853,0.46739,0.2688,2.09848,2.08934,1.94359,1.17572,0.000965239,0.000965239,0.000965239
14,65.3304,1.66842,2.31225,1.17954,1.07793,0.18177,0.88426,0.68967,0.29577,0.14763,0.47321,0.34608,0.21285,1.8217,1.93542,2.005,1.29718,0.000959289,0.000959289,0.000959289
15,69.8525,1.66677,2.35586,1.18909,1.08525,0.16362,0.90146,0.71502,0.35079,0.15965,0.59226,0.4746,0.24132,1.80016,1.86569,1.79317,1.22435,0.000952889,0.000952889,0.000952889
16,74.2115,1.77377,2.40483,1.24303,1.08984,0.20242,0.88806,0.71301,0.37608,0.16263,0.47421,0.29372,0.15379,1.66116,1.8819,1.75803,1.18195,0.000946048,0.000946048,0.000946048
17,78.7699,1.72673,2.34573,1.18447,1.09192,0.49562,0.85747,0.74321,0.37143,0.15315,0.53472,0.40925,0.2205,1.82071,1.81831,1.62318,1.20208,0.000938772,0.000938772,0.000938772
18,83.1657,1.73544,2.30743,1.18145,1.06839,0.66695,0.60276,0.74197,0.38877,0.4549,0.31223,0.37801,0.19379,1.66129,1.81551,1.63162,1.11242,0.000931067,0.000931067,0.000931067
19,87.7865,1.66753,2.31441,1.17992,1.07418,0.67161,0.69855,0.72398,0.36511,0.43454,0.32268,0.36358,0.197,1.67025,1.72488,1.46664,1.15105,0.000922942,0.000922942,0.000922942
20,92.286,1.66777,2.31396,1.15541,1.0707,0.66375,0.77861,0.77137,0.37815,0.49871,0.43519,0.44771,0.26442,1.58583,1.7676,1.28063,1.09251,0.000914405,0.000914405,0.000914405
21,96.7762,1.68879,2.298,1.14193,1.06115,0.69322,0.70377,0.76367,0.37012,0.3989,0.41485,0.40255,0.21615,1.70824,1.94494,1.21349,1.15081,0.000905463,0.000905463,0.000905463
22,101.335,1.72116,2.2599,1.13487,1.083,0.60755,0.78688,0.73701,0.38008,0.36228,0.38261,0.35517,0.18944,1.70116,1.7777,1.24863,1.14186,0.000896127,0.000896127,0.000896127
23,105.879,1.56454,2.1324,1.09837,1.0542,0.65039,0.80597,0.78134,0.41403,0.44386,0.47094,0.41762,0.23249,1.58451,1.77802,1.07556,1.11375,0.000886404,0.000886404,0.000886404
24,110.997,1.595,2.26948,1.0812,1.0519,0.66769,0.75693,0.76716,0.42608,0.43664,0.46473,0.40522,0.22831,1.50604,1.82579,1.06124,1.09527,0.000876305,0.000876305,0.000876305
25,115.573,1.58652,2.23361,1.12304,1.05632,0.77834,0.70942,0.79714,0.39669,0.44431,0.46181,0.42614,0.24864,1.72184,1.62153,1.05509,1.14663,0.000865839,0.000865839,0.000865839
26,120.098,1.52553,2.18641,1.08953,1.06331,0.77609,0.70827,0.78158,0.44186,0.40693,0.42758,0.39895,0.22246,1.51985,1.57391,1.0452,1.0829,0.000855018,0.000855018,0.000855018
27,125.349,1.5285,2.09073,1.04075,1.04128,0.76471,0.68878,0.79571,0.44872,0.42903,0.46792,0.43092,0.24072,1.62977,1.69375,1.05639,1.11969,0.000843851,0.000843851,0.000843851
28,129.832,1.57116,2.18698,1.05481,1.04547,0.71829,0.71761,0.76052,0.42309,0.43778,0.41894,0.40759,0.23028,1.54511,1.70623,1.08009,1.11341,0.000832349,0.000832349,0.000832349
29,134.195,1.56518,2.25272,1.06306,1.03903,0.75902,0.72943,0.79384,0.43907,0.42449,0.45694,0.38702,0.21817,1.48943,1.46744,1.06786,1.08148,0.000820525,0.000820525,0.000820525
30,138.604,1.54431,2.18521,1.02989,1.04517,0.74417,0.80405,0.80114,0.40264,0.43629,0.49355,0.42207,0.231,1.6508,1.49575,1.07989,1.06821,0.000808389,0.000808389,0.000808389
31,143.178,1.60977,2.2301,1.04953,1.03448,0.69622,0.7249,0.75873,0.41679,0.43195,0.49769,0.43751,0.22661,1.49375,1.56062,1.00676,1.08734,0.000795954,0.000795954,0.000795954
32,147.819,1.53124,2.1633,1.0299,1.04776,0.74917,0.7167,0.75422,0.38468,0.43281,0.45039,0.39916,0.20955,1.64677,1.7342,1.04426,1.12842,0.000783231,0.000783231,0.000783231
33,153.482,1.53409,2.10895,1.01295,1.04148,0.77581,0.74278,0.76408,0.40537,0.45926,0.44891,0.39918,0.21361,1.54326,1.61984,0.9975,1.08361,0.000770234,0.000770234,0.000770234
34,158.839,1.52909,2.05198,0.98893,1.04056,0.77443,0.71689,0.76756,0.42405,0.36743,0.40608,0.34219,0.17135,1.53145,1.54297,0.98079,1.08988,0.000756976,0.000756976,0.000756976
35,163.272,1.56453,2.05698,1.02445,1.0562,0.78879,0.77454,0.8029,0.44138,0.4599,0.47123,0.41117,0.21974,1.48425,1.51862,0.97623,1.07533,0.000743468,0.000743468,0.000743468
36,167.71,1.53146,2.08399,1.01199,1.05265,0.79652,0.7038,0.78205,0.41892,0.45089,0.50149,0.43396,0.22863,1.56424,1.60052,0.96625,1.07907,0.000729725,0.000729725,0.000729725
37,172.899,1.54479,2.07659,0.98958,1.031,0.75629,0.76017,0.79717,0.46851,0.45595,0.45915,0.39996,0.20872,1.42353,1.52336,0.96513,1.04833,0.000715761,0.000715761,0.000715761
38,177.379,1.44464,1.9516,0.95596,1.01614,0.77625,0.69803,0.80754,0.48246,0.38575,0.44079,0.37624,0.18618,1.34899,1.41257,0.91966,1.05325,0.000701588,0.000701588,0.000701588
39,181.873,1.47628,2.01489,0.95775,1.0122,0.76451,0.77456,0.80347,0.45446,0.42408,0.4247,0.38005,0.20377,1.43733,1.35511,0.93971,1.06001,0.000687222,0.000687222,0.000687222
40,186.97,1.48944,1.98274,0.96583,1.02903,0.72965,0.77068,0.78323,0.44711,0.38756,0.37889,0.34883,0.19799,1.38546,1.3603,0.96729,1.01581,0.000672675,0.000672675,0.000672675
41,191.419,1.38286,1.82931,0.95103,1.0277,0.7695,0.7687,0.7916,0.49886,0.43631,0.43214,0.39153,0.22507,1.37651,1.36356,0.91017,1.01251,0.000657963,0.000657963,0.000657963
42,195.975,1.49176,1.91644,0.95344,1.01538,0.83789,0.71991,0.81579,0.49142,0.40497,0.4375,0.39134,0.21934,1.34398,1.36431,0.88274,1.0287,0.000643101,0.000643101,0.000643101
43,201.236,1.44788,1.97173,0.94551,1.01865,0.79491,0.77271,0.80253,0.43564,0.42317,0.45418,0.40218,0.22484,1.46559,1.41894,0.92678,1.05174,0.000628101,0.000628101,0.000628101
44,205.699,1.56969,1.93656,0.97919,1.03316,0.80165,0.75315,0.79851,0.46139,0.43268,0.44312,0.38541,0.20003,1.34954,1.41277,0.88173,1.03588,0.000612981,0.000612981,0.000612981
45,210.183,1.38193,1.86834,0.91415,0.99989,0.78788,0.76198,0.79014,0.45357,0.45268,0.44508,0.3885,0.20856,1.39129,1.4073,0.91439,1.02648,0.000597754,0.000597754,0.000597754
46,214.712,1.42022,1.86562,0.92077,1.01885,0.79111,0.74494,0.8057,0.48025,0.47958,0.46452,0.41009,0.23052,1.28486,1.41998,0.87897,0.99451,0.000582435,0.000582435,0.000582435
47,219.352,1.38453,1.89154,0.92136,1.0087,0.74037,0.77762,0.79843,0.48963,0.4568,0.47057,0.39668,0.20599,1.3068,1.43177,0.89921,0.99171,0.00056704,0.00056704,0.00056704
48,223.887,1.44256,1.85474,0.93569,1.01478,0.76179,0.77989,0.81184,0.49415,0.4457,0.45364,0.39065,0.20954,1.34873,1.38112,0.90269,0.98744,0.000551584,0.000551584,0.000551584
49,229.275,1.37653,1.92593,0.89668,0.9975,0.83225,0.73745,0.82495,0.51575,0.47745,0.48264,0.40521,0.22935,1.24936,1.31104,0.84847,1.00573,0.000536081,0.000536081,0.000536081
50,233.908,1.35214,1.83837,0.89589,1.00055,0.80688,0.75198,0.81217,0.47306,0.45373,0.49868,0.40812,0.23271,1.39353,1.29389,0.88384,1.01576,0.000520548,0.000520548,0.000520548
51,239.144,1.34185,1.8798,0.88208,0.98925,0.7767,0.76677,0.79938,0.48077,0.46218,0.4766,0.39764,0.22653,1.32892,1.30408,0.86964,1.016,0.000505,0.000505,0.000505
52,243.739,1.34655,1.87785,0.87998,0.9878,0.80972,0.72022,0.80356,0.48446,0.47241,0.49062,0.41859,0.22784,1.32945,1.29713,0.85964,0.99588,0.000489452,0.000489452,0.000489452
53,248.303,1.41071,1.89156,0.90155,0.99601,0.81822,0.77149,0.83662,0.50801,0.49624,0.55455,0.47301,0.27377,1.25032,1.25351,0.81971,0.98508,0.000473919,0.000473919,0.000473919
54,253.597,1.30823,1.76043,0.85927,0.99316,0.80481,0.7516,0.81402,0.52539,0.46484,0.48644,0.4243,0.24709,1.19269,1.20342,0.82629,0.97874,0.000458416,0.000458416,0.000458416
55,258.176,1.36404,1.97229,0.9026,0.98993,0.75277,0.77067,0.79583,0.49985,0.44589,0.46164,0.40497,0.24069,1.26357,1.18772,0.8505,0.9916,0.00044296,0.00044296,0.00044296
56,263.335,1.36745,1.90174,0.91701,0.9951,0.81576,0.74477,0.80023,0.48222,0.43967,0.46523,0.39853,0.24403,1.29681,1.23311,0.84331,1.0097,0.000427565,0.000427565,0.000427565
57,267.99,1.29456,1.77311,0.85848,0.97713,0.81778,0.76455,0.81221,0.47301,0.52297,0.52927,0.47039,0.28762,1.34569,1.28101,0.86579,1.00572,0.000412246,0.000412246,0.000412246
58,273.229,1.33448,1.7824,0.87394,0.97453,0.80594,0.73939,0.80885,0.50094,0.44937,0.50446,0.41544,0.23187,1.26543,1.3244,0.87185,0.96799,0.000397019,0.000397019,0.000397019
59,277.741,1.31764,1.77756,0.88346,0.99595,0.82564,0.77428,0.80504,0.4909,0.49362,0.49847,0.42675,0.23307,1.29707,1.32791,0.88803,0.97885,0.000381899,0.000381899,0.000381899
60,282.265,1.3501,1.81517,0.87931,0.98711,0.84162,0.76612,0.81974,0.51374,0.53805,0.49989,0.43949,0.2529,1.2187,1.33182,0.82237,0.97767,0.000366899,0.000366899,0.000366899
61,286.727,1.32318,1.8405,0.85917,0.98996,0.82625,0.76366,0.81248,0.50189,0.52356,0.53257,0.43748,0.24842,1.28624,1.32323,0.83846,0.98782,0.000352037,0.000352037,0.000352037
62,291.232,1.34809,1.85718,0.86916,0.98319,0.83677,0.75756,0.81405,0.51327,0.52335,0.48528,0.42704,0.25444,1.23602,1.24362,0.85202,0.98495,0.000337325,0.000337325,0.000337325
63,296.375,1.31543,1.82249,0.87719,0.98044,0.84769,0.7433,0.81484,0.50388,0.48406,0.51786,0.43122,0.2661,1.28828,1.19073,0.86511,0.98845,0.000322778,0.000322778,0.000322778
64,301.553,1.27776,1.78376,0.8271,0.97551,0.84997,0.73991,0.81738,0.54318,0.50391,0.54865,0.4422,0.26405,1.16864,1.17499,0.81391,0.95387,0.000308412,0.000308412,0.000308412
65,306.214,1.24699,1.72928,0.83436,0.96844,0.8618,0.74074,0.81771,0.51565,0.50445,0.50513,0.43065,0.24169,1.24925,1.21843,0.82912,0.97398,0.000294239,0.000294239,0.000294239
66,311.498,1.22836,1.72047,0.83665,0.9756,0.87639,0.73152,0.82762,0.51264,0.51278,0.52673,0.43314,0.24665,1.24062,1.24045,0.79514,0.96902,0.000280275,0.000280275,0.000280275
67,317.24,1.29094,1.80174,0.84678,0.97462,0.84577,0.73459,0.81454,0.51008,0.51604,0.54167,0.43421,0.25365,1.25917,1.16925,0.81923,0.96768,0.000266532,0.000266532,0.000266532
68,321.792,1.27732,1.80781,0.84815,0.96748,0.86872,0.74333,0.81523,0.53476,0.48265,0.53014,0.42986,0.25149,1.2244,1.15017,0.81893,0.97386,0.000253024,0.000253024,0.000253024
69,327.126,1.22588,1.66215,0.81923,0.96321,0.84743,0.75581,0.83206,0.53295,0.50021,0.54349,0.43827,0.25443,1.19004,1.15451,0.80049,0.98773,0.000239766,0.000239766,0.000239766
70,331.645,1.22063,1.69956,0.82953,0.96019,0.90381,0.70892,0.82139,0.51871,0.49003,0.53246,0.43432,0.24516,1.20286,1.18815,0.80542,0.99093,0.000226769,0.000226769,0.000226769
71,336.952,1.253,1.79497,0.82731,0.96672,0.86452,0.72868,0.82102,0.5313,0.47718,0.52149,0.41927,0.22804,1.16769,1.23129,0.7979,0.97407,0.000214046,0.000214046,0.000214046
72,342.21,1.18995,1.69135,0.81806,0.98184,0.89168,0.71704,0.82184,0.54724,0.49559,0.52315,0.42759,0.23255,1.16154,1.22311,0.80017,0.96749,0.000201611,0.000201611,0.000201611
73,347.387,1.24379,1.75994,0.83784,0.97346,0.90577,0.72983,0.82053,0.54084,0.50046,0.55244,0.44025,0.244,1.10619,1.16077,0.77292,0.95303,0.000189475,0.000189475,0.000189475
74,351.968,1.24784,1.72134,0.82272,0.95536,0.91274,0.73225,0.82292,0.54551,0.49386,0.54801,0.43707,0.25797,1.09542,1.13186,0.77592,0.95005,0.000177651,0.000177651,0.000177651
75,356.672,1.17887,1.59919,0.79364,0.95406,0.89958,0.73275,0.81882,0.53251,0.49102,0.55097,0.43763,0.25845,1.14536,1.125,0.78184,0.95874,0.000166149,0.000166149,0.000166149
76,362.474,1.16378,1.67243,0.79593,0.95433,0.91503,0.72851,0.82865,0.54014,0.55727,0.48439,0.44079,0.25569,1.14265,1.12604,0.77679,0.9598,0.000154982,0.000154982,0.000154982
77,367.04,1.195,1.7082,0.79918,0.95496,0.88258,0.72723,0.82357,0.55512,0.48503,0.57359,0.45059,0.25127,1.06323,1.14708,0.76134,0.95438,0.000144161,0.000144161,0.000144161
78,372.348,1.16053,1.6483,0.78827,0.95174,0.87356,0.7242,0.82257,0.54344,0.50201,0.56393,0.45224,0.25052,1.11416,1.17562,0.75288,0.95871,0.000133695,0.000133695,0.000133695
79,376.826,1.25075,1.73276,0.84303,0.97181,0.8651,0.71535,0.81682,0.53921,0.48993,0.56498,0.44982,0.24694,1.12807,1.20087,0.75867,0.95662,0.000123596,0.000123596,0.000123596
80,382.052,1.20945,1.7038,0.81631,0.96409,0.89831,0.7247,0.81774,0.54668,0.50791,0.56959,0.45709,0.24664,1.08423,1.17143,0.75988,0.95064,0.000113873,0.000113873,0.000113873
81,387.341,1.2439,1.70209,0.82152,0.96916,0.86021,0.73716,0.8233,0.55176,0.54372,0.54339,0.4622,0.25235,1.07182,1.12628,0.75229,0.94051,0.000104537,0.000104537,0.000104537
82,391.983,1.18627,1.68259,0.79781,0.95749,0.85908,0.74694,0.82191,0.55527,0.55303,0.52411,0.44677,0.24418,1.06094,1.09837,0.75536,0.93984,9.55951e-05,9.55951e-05,9.55951e-05
83,397.293,1.16794,1.69721,0.79507,0.95084,0.86327,0.74926,0.82407,0.56074,0.54525,0.52236,0.44969,0.24766,1.05757,1.0951,0.75205,0.9434,8.70577e-05,8.70577e-05,8.70577e-05
84,402.624,1.19611,1.7264,0.78743,0.94583,0.85038,0.75955,0.82929,0.55724,0.5454,0.51588,0.44906,0.24406,1.07494,1.11256,0.75481,0.94939,7.89327e-05,7.89327e-05,7.89327e-05
85,407.918,1.20218,1.7287,0.78678,0.94882,0.86529,0.74756,0.82983,0.55662,0.55194,0.50265,0.44515,0.24363,1.09715,1.13143,0.75832,0.95212,7.12282e-05,7.12282e-05,7.12282e-05
86,413.413,1.16217,1.66517,0.78929,0.95314,0.86759,0.74699,0.83223,0.55708,0.54679,0.49653,0.43679,0.24136,1.08604,1.13778,0.75688,0.94454,6.39518e-05,6.39518e-05,6.39518e-05
87,418.685,1.21485,1.72343,0.8091,0.96109,0.86039,0.73262,0.82492,0.55091,0.52894,0.49334,0.43524,0.24432,1.07209,1.13096,0.7516,0.94318,5.71106e-05,5.71106e-05,5.71106e-05
88,424.276,1.22963,1.73356,0.80839,0.95513,0.87602,0.75855,0.83441,0.56372,0.51978,0.50087,0.43425,0.24156,1.05916,1.11944,0.7469,0.93655,5.07115e-05,5.07115e-05,5.07115e-05
89,429.833,1.19803,1.62844,0.78396,0.96139,0.86374,0.73976,0.83411,0.56395,0.52496,0.50004,0.44082,0.24515,1.06149,1.10995,0.74496,0.9365,4.47606e-05,4.47606e-05,4.47606e-05
90,435.398,1.15706,1.63972,0.7786,0.95327,0.85846,0.7404,0.83837,0.56031,0.51895,0.51813,0.44942,0.25157,1.08001,1.1041,0.75087,0.93842,3.9264e-05,3.9264e-05,3.9264e-05
91,499.114,1.0804,1.41159,0.75758,0.94742,0.85999,0.75116,0.83607,0.55651,0.54038,0.52013,0.45377,0.259,1.08269,1.09589,0.74909,0.94054,3.4227e-05,3.4227e-05,3.4227e-05
92,504.038,1.14769,1.41232,0.78792,0.95077,0.86967,0.74809,0.83666,0.55835,0.54178,0.53024,0.45882,0.26802,1.08696,1.09101,0.75266,0.9392,2.96546e-05,2.96546e-05,2.96546e-05
93,509.12,1.08226,1.38,0.77057,0.93976,0.85251,0.75892,0.83379,0.55676,0.54988,0.53347,0.45906,0.26455,1.07711,1.08852,0.75923,0.93898,2.55513e-05,2.55513e-05,2.55513e-05
94,514.111,1.10424,1.39749,0.77507,0.93165,0.83959,0.75669,0.83189,0.55534,0.53575,0.52856,0.44949,0.25911,1.07179,1.08647,0.76234,0.93981,2.19212e-05,2.19212e-05,2.19212e-05
95,519.189,1.12817,1.44089,0.78083,0.94019,0.85801,0.73878,0.83119,0.54991,0.53208,0.52441,0.44455,0.25368,1.0779,1.08725,0.77022,0.94123,1.87678e-05,1.87678e-05,1.87678e-05
96,524.355,1.10064,1.40611,0.76689,0.93671,0.8783,0.72674,0.83157,0.54785,0.53371,0.52367,0.44404,0.25508,1.07051,1.08679,0.77217,0.94121,1.60943e-05,1.60943e-05,1.60943e-05
97,529.219,1.10636,1.386,0.76613,0.9504,0.89405,0.7169,0.83115,0.55487,0.52404,0.50597,0.44224,0.2555,1.0698,1.08797,0.76647,0.94117,1.39032e-05,1.39032e-05,1.39032e-05
98,534.676,1.05915,1.38644,0.76334,0.93735,0.86172,0.73042,0.82571,0.55487,0.52522,0.52008,0.44126,0.25385,1.05938,1.0861,0.76805,0.94293,1.21968e-05,1.21968e-05,1.21968e-05
99,539.447,1.06861,1.37166,0.76638,0.93843,0.87085,0.73462,0.83008,0.55888,0.52289,0.5206,0.44541,0.25383,1.0425,1.08729,0.76118,0.94478,1.09768e-05,1.09768e-05,1.09768e-05
100,544.531,1.0724,1.36215,0.75495,0.94533,0.85647,0.73462,0.82727,0.55474,0.52518,0.51819,0.44914,0.24791,1.03564,1.09092,0.75848,0.94793,1.02443e-05,1.02443e-05,1.02443e-05
1,247.535,2.17856,2.58921,1.65389,1.4013,0.4965,0.45165,0.4388,0.1807,0.2336,0.21986,0.14356,0.05485,2.15666,2.91948,1.37646,1.31316,0.0670813,0.000332512,0.000332512
2,332.15,1.75472,2.10691,1.12725,1.17527,0.61206,0.58366,0.58572,0.26787,0.43959,0.40541,0.40812,0.17881,1.95098,2.44872,1.22859,1.24428,0.0340651,0.000649714,0.000649714
3,412.217,1.6067,1.8941,1.01541,1.116,0.66244,0.56025,0.6012,0.2898,0.40826,0.3826,0.38002,0.1636,1.93437,2.32372,1.14022,1.19634,0.000986822,0.00090472,0.00090472
4,496.871,1.53907,1.82073,0.9393,1.08808,0.65164,0.58891,0.61124,0.30489,0.47722,0.43693,0.45562,0.22154,1.75203,2.03427,1.16339,1.15053,0.000795954,0.000795954,0.000795954
5,575.815,1.43567,1.76425,0.87728,1.05069,0.66624,0.62385,0.64233,0.30203,0.47074,0.44005,0.46301,0.21097,1.78423,2.03669,1.05244,1.11666,0.000657963,0.000657963,0.000657963
6,626.987,1.37331,1.67879,0.83287,1.02691,0.6638,0.61613,0.66224,0.35967,0.40126,0.42797,0.39272,0.15378,1.64426,2.20437,0.97428,1.08482,0.000505,0.000505,0.000505
7,679.797,1.29148,1.6268,0.7879,1.0077,0.69874,0.65987,0.69794,0.38447,0.46935,0.43586,0.4475,0.20541,1.53791,1.93862,0.92115,1.07896,0.000352037,0.000352037,0.000352037
8,734.051,1.24349,1.56411,0.76091,0.99136,0.71807,0.66922,0.71357,0.38641,0.46997,0.42878,0.4273,0.1925,1.51934,1.98701,0.9258,1.03518,0.000214046,0.000214046,0.000214046
9,790.813,1.19236,1.54344,0.73554,0.97547,0.74454,0.6583,0.72882,0.4176,0.46072,0.43288,0.42419,0.20684,1.41961,1.88,0.875,1.02601,0.000104537,0.000104537,0.000104537
10,849.818,1.14805,1.49715,0.71767,0.96548,0.7678,0.62908,0.72229,0.40788,0.46337,0.4368,0.42487,0.1985,1.47392,1.91186,0.88793,1.01432,3.4227e-05,3.4227e-05,3.4227e-05
1,58.7215,2.22226,2.86576,1.89348,1.40167,0.11095,0.4902,0.26456,0.10868,0.06632,0.14228,0.05569,0.02474,2.04508,6.41543,2.61347,1.29018,0.0673235,0.000330065,0.000330065
2,113.832,1.70777,2.14239,1.14488,1.12607,0.65329,0.47474,0.5564,0.24679,0.4416,0.31042,0.35627,0.14248,1.84399,2.59319,1.33902,1.1636,0.0343235,0.000663381,0.000663381
3,168.556,1.57891,2.03194,1.01832,1.07498,0.67548,0.58209,0.62847,0.32228,0.42758,0.36641,0.3578,0.16252,1.78136,2.29818,1.08814,1.14849,0.00132342,0.000996624,0.000996624
4,221.48,1.52031,1.93089,0.96166,1.0667,0.63767,0.62065,0.62653,0.28694,0.43973,0.41219,0.40354,0.19157,1.68782,2.15938,1.034,1.08046,0.000999756,0.000999756,0.000999756
5,273.848,1.47933,1.89545,0.90981,1.04562,0.68285,0.60384,0.655,0.33012,0.49318,0.42048,0.44252,0.21267,1.65475,2.19102,0.97233,1.10491,0.000999566,0.000999566,0.000999566
6,325.333,1.41123,1.8412,0.87425,1.03734,0.68468,0.62271,0.66133,0.3294,0.40128,0.3382,0.30408,0.12537,1.76,2.26567,1.01755,1.12331,0.000999322,0.000999322,0.000999322
7,376.912,1.34406,1.75403,0.82226,1.01109,0.73974,0.65794,0.70841,0.36264,0.45524,0.45453,0.42335,0.19932,1.55933,2.13428,0.91183,1.0668,0.000999023,0.000999023,0.000999023
8,428.137,1.31988,1.72412,0.80854,1.00575,0.7369,0.62769,0.705,0.37411,0.42793,0.40295,0.40454,0.19125,1.55678,2.16217,0.89512,1.1073,0.000998671,0.000998671,0.000998671
9,478.853,1.34413,1.75674,0.80857,1.00633,0.74332,0.61575,0.7071,0.39262,0.41311,0.38315,0.35016,0.15994,1.51089,2.12762,0.93512,1.02104,0.000998264,0.000998264,0.000998264
10,530.576,1.29465,1.70791,0.78643,0.9969,0.69478,0.64391,0.69305,0.35653,0.46684,0.4042,0.42565,0.18233,1.61037,2.15747,0.93044,1.0432,0.000997803,0.000997803,0.000997803
11,581.46,1.29042,1.71805,0.77369,0.99019,0.76193,0.62836,0.72673,0.39033,0.4231,0.44697,0.38816,0.1729,1.55696,1.96477,0.88421,1.03971,0.000997288,0.000997288,0.000997288
12,632.394,1.27356,1.67027,0.7603,0.98614,0.75186,0.63772,0.71812,0.38406,0.45346,0.43461,0.39203,0.15676,1.56868,2.16212,0.86488,1.08385,0.00099672,0.00099672,0.00099672
13,682.994,1.24335,1.61138,0.73464,0.97507,0.80264,0.66475,0.74626,0.4078,0.44895,0.45967,0.41336,0.18701,1.45052,1.93847,0.83207,1.01488,0.000996097,0.000996097,0.000996097
14,733.29,1.23568,1.62191,0.73161,0.97678,0.79142,0.65224,0.71872,0.39888,0.51336,0.4542,0.43466,0.19192,1.42141,2.29436,0.83574,1.00996,0.00099542,0.00099542,0.00099542
15,780.785,1.23174,1.61311,0.72207,0.97242,0.79942,0.67502,0.75507,0.41256,0.47694,0.44653,0.39015,0.17491,1.44569,2.25374,0.80753,1.00099,0.00099469,0.00099469,0.00099469
16,829.934,1.20631,1.61248,0.71493,0.96124,0.78531,0.66663,0.7355,0.39505,0.49602,0.45055,0.45559,0.21043,1.53738,2.20109,0.84984,1.01017,0.000993906,0.000993906,0.000993906
17,879.438,1.21587,1.59318,0.71858,0.9675,0.78675,0.68984,0.76099,0.42351,0.5163,0.48932,0.43568,0.1909,1.34179,2.09686,0.76788,0.98723,0.000993068,0.000993068,0.000993068
18,929.029,1.19133,1.55902,0.70371,0.96264,0.78163,0.68185,0.75713,0.43623,0.47631,0.45197,0.37961,0.14317,1.37158,2.14412,0.78553,1.01441,0.000992177,0.000992177,0.000992177
19,979.709,1.22184,1.57845,0.71107,0.96715,0.80278,0.69431,0.75392,0.38359,0.53771,0.49635,0.48526,0.23606,1.49774,2.09021,0.8233,1.01177,0.000991232,0.000991232,0.000991232
20,1030.29,1.1768,1.55204,0.69848,0.96023,0.81562,0.681,0.76436,0.44653,0.55016,0.46103,0.45041,0.20844,1.31414,1.86475,0.78204,0.98005,0.000990234,0.000990234,0.000990234
21,1080.18,1.18756,1.57038,0.69244,0.9588,0.80642,0.70814,0.77814,0.44232,0.58068,0.53634,0.51035,0.25784,1.34261,1.98168,0.7607,0.95916,0.000989183,0.000989183,0.000989183
22,1129.84,1.1782,1.55079,0.68912,0.95303,0.79953,0.68281,0.76135,0.44728,0.50286,0.47388,0.4382,0.19276,1.2984,1.99261,0.76039,0.96075,0.000988079,0.000988079,0.000988079
23,1179.81,1.18016,1.54262,0.6829,0.95107,0.82575,0.69645,0.77784,0.46468,0.49915,0.45749,0.39844,0.17306,1.29224,1.83041,0.73523,0.96514,0.000986922,0.000986922,0.000986922
24,1230.03,1.15663,1.50703,0.67051,0.94804,0.80289,0.67936,0.74579,0.46431,0.55161,0.47242,0.44262,0.18974,1.27182,1.92275,0.73983,0.96452,0.000985711,0.000985711,0.000985711
25,1280.14,1.12687,1.48484,0.65582,0.94397,0.80516,0.69365,0.77769,0.4446,0.57854,0.54306,0.51775,0.26905,1.42567,1.78706,0.78907,1.00834,0.000984449,0.000984449,0.000984449
26,1330.21,1.141,1.50358,0.67033,0.94436,0.82531,0.67794,0.76692,0.47086,0.53247,0.46781,0.43886,0.19864,1.27476,2.07013,0.74732,0.96138,0.000983133,0.000983133,0.000983133
27,1381.3,1.14856,1.49036,0.66328,0.94632,0.85601,0.68806,0.7795,0.47886,0.54378,0.48481,0.44219,0.20483,1.26225,1.75351,0.73088,0.95451,0.000981765,0.000981765,0.000981765
28,1432.22,1.12135,1.47562,0.6565,0.94456,0.85653,0.69125,0.78901,0.47417,0.60388,0.50839,0.4949,0.22603,1.28595,1.73448,0.72521,0.97302,0.000980345,0.000980345,0.000980345
29,1483.76,1.11916,1.48026,0.65495,0.93907,0.8176,0.67689,0.76376,0.4524,0.55724,0.4842,0.46626,0.23076,1.33739,1.78792,0.74273,0.9627,0.000978873,0.000978873,0.000978873
30,1534.49,1.12101,1.45703,0.64974,0.94006,0.86937,0.70889,0.79741,0.47769,0.60617,0.50854,0.48491,0.23843,1.3225,1.78872,0.73399,0.97078,0.000977349,0.000977349,0.000977349
31,1585.46,1.10361,1.42735,0.64073,0.93596,0.85685,0.689,0.7737,0.48006,0.62012,0.52735,0.50736,0.25021,1.23458,1.72531,0.69981,0.96102,0.000975773,0.000975773,0.000975773
32,1636.73,1.08778,1.41567,0.63144,0.93152,0.855,0.68801,0.78183,0.4779,0.60008,0.52571,0.49095,0.23191,1.30004,1.75702,0.72655,0.96606,0.000974145,0.000974145,0.000974145
33,1687.79,1.1195,1.44776,0.64226,0.93526,0.76817,0.70284,0.74003,0.4567,0.51024,0.47216,0.41913,0.1985,1.32113,1.76054,0.75774,0.96724,0.000972466,0.000972466,0.000972466
34,1739.26,1.10168,1.40459,0.63204,0.92951,0.80858,0.69173,0.76559,0.45003,0.61661,0.52048,0.49529,0.23318,1.33195,1.6589,0.75134,0.97456,0.000970736,0.000970736,0.000970736
35,1790.31,1.08957,1.41277,0.63154,0.92884,0.8371,0.71495,0.79216,0.5009,0.57525,0.54027,0.48742,0.23474,1.21549,1.72578,0.71456,0.94102,0.000968955,0.000968955,0.000968955
36,1841.85,1.08783,1.40996,0.63392,0.93063,0.81598,0.72335,0.78878,0.47659,0.57786,0.52299,0.4789,0.22614,1.29482,1.72822,0.75775,0.99533,0.000967122,0.000967122,0.000967122
37,1892.37,1.0754,1.37508,0.62457,0.92623,0.87038,0.69732,0.79527,0.48939,0.58933,0.50971,0.48824,0.23394,1.19957,1.61245,0.70937,0.95578,0.000965239,0.000965239,0.000965239
38,1943.13,1.08559,1.3948,0.62832,0.92808,0.82345,0.69647,0.78175,0.48672,0.60967,0.54483,0.52813,0.24561,1.28108,1.71491,0.73162,0.94876,0.000963306,0.000963306,0.000963306
39,1994.47,1.09173,1.38297,0.6269,0.9265,0.85439,0.67624,0.7787,0.47357,0.57541,0.53592,0.48071,0.22756,1.29169,1.84696,0.71755,0.95124,0.000961322,0.000961322,0.000961322
40,2045.24,1.07576,1.36959,0.6193,0.92371,0.8606,0.69568,0.7846,0.47761,0.62152,0.54023,0.50872,0.24839,1.22742,1.62932,0.70301,0.95044,0.000959289,0.000959289,0.000959289
41,2095.21,1.05774,1.36378,0.61302,0.92256,0.82417,0.71006,0.79305,0.49388,0.60626,0.53811,0.52175,0.25084,1.22851,1.59059,0.71515,0.95551,0.000957205,0.000957205,0.000957205
42,2145.04,1.08355,1.38247,0.62558,0.93012,0.84289,0.66878,0.77949,0.49245,0.58615,0.50486,0.48436,0.21312,1.22975,1.77979,0.72602,0.96147,0.000955072,0.000955072,0.000955072
43,2195.2,1.06277,1.3845,0.61685,0.92513,0.8114,0.69888,0.785,0.48343,0.62615,0.55053,0.52983,0.24812,1.33555,1.78615,0.75501,1.04757,0.000952889,0.000952889,0.000952889
44,2245.62,1.06081,1.37308,0.61447,0.92464,0.83024,0.69323,0.79565,0.48864,0.56804,0.49103,0.45508,0.18469,1.31229,1.93435,0.73476,0.98773,0.000950658,0.000950658,0.000950658
45,2295.69,1.052,1.35483,0.60746,0.92015,0.86203,0.70798,0.79096,0.48733,0.61277,0.51047,0.4755,0.21277,1.24416,1.64181,0.70526,0.93794,0.000948377,0.000948377,0.000948377
46,2345.89,1.05061,1.3812,0.61147,0.92098,0.82882,0.72475,0.79096,0.4862,0.61257,0.53878,0.51056,0.24206,1.25269,1.73773,0.71687,0.97217,0.000946048,0.000946048,0.000946048
47,2396.54,1.0413,1.34619,0.60355,0.92044,0.84765,0.70631,0.78856,0.4806,0.62091,0.53772,0.51244,0.24488,1.23378,1.61895,0.7026,0.94965,0.000943671,0.000943671,0.000943671
48,2446.98,1.03126,1.3448,0.60318,0.9212,0.85876,0.69812,0.80098,0.4942,0.61499,0.53883,0.52951,0.24571,1.21813,1.65509,0.70175,0.94654,0.000941245,0.000941245,0.000941245
49,2497.01,1.03569,1.33891,0.6024,0.91744,0.8238,0.71316,0.79361,0.50395,0.58437,0.54009,0.49067,0.23579,1.20601,1.68063,0.70897,0.93055,0.000938772,0.000938772,0.000938772
50,2547.06,1.03324,1.3266,0.59856,0.91797,0.85378,0.69439,0.78431,0.49388,0.62099,0.50717,0.48551,0.21772,1.21625,1.70639,0.69849,0.94877,0.000936251,0.000936251,0.000936251
51,2597.2,1.03335,1.34634,0.59978,0.91745,0.86249,0.68812,0.79668,0.5233,0.62496,0.56234,0.54391,0.24856,1.16652,1.57957,0.67954,0.92236,0.000933683,0.000933683,0.000933683
52,2647.7,1.02758,1.31931,0.59373,0.91874,0.83448,0.72831,0.80156,0.49821,0.61017,0.52726,0.49123,0.21702,1.24377,1.71998,0.71196,0.99676,0.000931067,0.000931067,0.000931067
53,2698.32,1.04464,1.32887,0.60152,0.92081,0.86741,0.70183,0.79067,0.4935,0.6039,0.49476,0.45835,0.19436,1.21616,1.7048,0.70573,0.94034,0.000928405,0.000928405,0.000928405
54,2748.2,1.03974,1.33269,0.59807,0.9184,0.86847,0.6929,0.80231,0.50764,0.61263,0.53294,0.50931,0.24406,1.1773,1.63402,0.67792,0.96743,0.000925697,0.000925697,0.000925697
55,2798.7,1.03182,1.32944,0.59842,0.91695,0.82396,0.70326,0.76775,0.49524,0.64612,0.51744,0.49967,0.22642,1.25123,1.57988,0.71737,0.95683,0.000922942,0.000922942,0.000922942
56,2848.62,1.00006,1.2926,0.58435,0.91444,0.88343,0.70251,0.80906,0.52102,0.61559,0.49041,0.46911,0.21272,1.2168,1.67476,0.68115,0.94957,0.000920142,0.000920142,0.000920142
57,2898.97,1.03132,1.31407,0.59667,0.91606,0.84396,0.71492,0.79483,0.50678,0.61315,0.55281,0.51627,0.22071,1.20645,1.61076,0.67071,0.92717,0.000917296,0.000917296,0.000917296
58,2949.42,1.0065,1.27988,0.58495,0.91268,0.85822,0.6878,0.78952,0.48658,0.65275,0.51642,0.51692,0.24879,1.25827,1.61067,0.71818,0.97389,0.000914405,0.000914405,0.000914405
59,2999.24,1.00103,1.29145,0.58322,0.90993,0.86164,0.68723,0.78586,0.49603,0.6475,0.52651,0.52572,0.2461,1.16638,1.72694,0.68369,0.92609,0.000911469,0.000911469,0.000911469
60,3048.58,1.0254,1.29945,0.59204,0.91249,0.86121,0.71458,0.79592,0.50503,0.63223,0.54821,0.52683,0.24644,1.18874,1.55601,0.70143,0.95824,0.000908488,0.000908488,0.000908488
61,3098.56,1.00108,1.27601,0.57719,0.90941,0.85074,0.71337,0.80638,0.51053,0.62609,0.55979,0.54063,0.25485,1.18781,1.59871,0.6716,0.94867,0.000905463,0.000905463,0.000905463
62,3149.07,1.02885,1.29479,0.58913,0.91294,0.87204,0.69096,0.79807,0.5041,0.65641,0.53206,0.5407,0.24042,1.18019,1.66412,0.65825,0.93355,0.000902395,0.000902395,0.000902395
63,3199.41,0.99835,1.26901,0.57491,0.90723,0.84198,0.70596,0.79115,0.50422,0.63284,0.52216,0.50595,0.228,1.16616,1.62681,0.67824,0.93412,0.000899282,0.000899282,0.000899282
64,3248.76,0.99589,1.27438,0.57784,0.9068,0.87742,0.69391,0.79367,0.51559,0.68684,0.54249,0.54285,0.25565,1.14107,1.51317,0.66962,0.93204,0.000896127,0.000896127,0.000896127
65,3298.17,1.00078,1.28593,0.57775,0.90526,0.85386,0.69573,0.79982,0.52192,0.64179,0.50658,0.50746,0.23997,1.1565,1.60234,0.66436,0.93024,0.000892928,0.000892928,0.000892928
66,3348.26,0.99159,1.26073,0.57259,0.91001,0.87743,0.69729,0.80881,0.50424,0.67051,0.59143,0.57742,0.26791,1.20547,1.49775,0.66895,0.93192,0.000889687,0.000889687,0.000889687
67,3398.35,0.98925,1.23668,0.56644,0.90229,0.84751,0.69393,0.80555,0.53907,0.60398,0.50138,0.50695,0.22269,1.11158,1.6153,0.65278,0.9242,0.000886404,0.000886404,0.000886404
68,3448.81,0.97127,1.25741,0.56485,0.90269,0.84515,0.7127,0.80115,0.52152,0.60984,0.55427,0.51726,0.22434,1.13117,1.48075,0.65874,0.94551,0.000883079,0.000883079,0.000883079
69,3498.29,0.99376,1.26125,0.57751,0.90762,0.8631,0.67787,0.78664,0.50461,0.68294,0.52438,0.54152,0.24024,1.18377,1.57896,0.68828,0.93716,0.000879713,0.000879713,0.000879713
70,3548.01,0.96867,1.26207,0.56432,0.90499,0.88415,0.70495,0.79624,0.51552,0.67321,0.5397,0.53829,0.25236,1.12311,1.51485,0.65505,0.93267,0.000876305,0.000876305,0.000876305
71,3597.59,0.98249,1.28031,0.56897,0.9061,0.8745,0.71314,0.80962,0.52672,0.62442,0.55209,0.51763,0.2331,1.10731,1.51232,0.65124,0.90642,0.000872857,0.000872857,0.000872857
72,3647.44,0.97315,1.24062,0.56929,0.90327,0.84107,0.65441,0.77771,0.49302,0.59084,0.44664,0.44323,0.18116,1.17137,1.72221,0.68728,0.92831,0.000869368,0.000869368,0.000869368
73,3697.15,0.98215,1.24465,0.56975,0.90498,0.84856,0.65456,0.7809,0.50895,0.60317,0.46362,0.47252,0.20578,1.19607,1.59096,0.71239,0.93318,0.000865839,0.000865839,0.000865839
74,3746.17,0.97427,1.26605,0.5656,0.90352,0.87766,0.71106,0.81122,0.46928,0.69761,0.57681,0.5936,0.29886,1.20316,1.63337,0.68551,0.93296,0.000862271,0.000862271,0.000862271
75,3795.53,0.96672,1.23777,0.5624,0.90208,0.8468,0.70539,0.79782,0.52464,0.59445,0.52848,0.49945,0.23159,1.13845,1.524,0.66459,0.92996,0.000858664,0.000858664,0.000858664
76,3845.74,0.96814,1.23844,0.56193,0.90381,0.85669,0.70312,0.79368,0.52762,0.61244,0.52568,0.50283,0.22574,1.13043,1.61819,0.65002,0.94073,0.000855018,0.000855018,0.000855018
77,3895.69,0.97745,1.23313,0.56754,0.90583,0.83839,0.71006,0.79232,0.51368,0.63848,0.54217,0.5259,0.24481,1.17398,1.54917,0.67161,0.93795,0.000851333,0.000851333,0.000851333
78,3945.95,0.96134,1.22315,0.5615,0.89531,0.86551,0.6865,0.79697,0.51332,0.64787,0.56154,0.54833,0.26199,1.14466,1.52824,0.66653,0.92098,0.000847611,0.000847611,0.000847611
79,3995.86,0.95941,1.2219,0.55871,0.89938,0.84576,0.69914,0.80075,0.5088,0.64793,0.54503,0.55011,0.23429,1.14447,1.55006,0.65905,0.94343,0.000843851,0.000843851,0.000843851
80,4045.87,0.95036,1.2238,0.55396,0.8973,0.84346,0.70942,0.79847,0.5162,0.60709,0.50939,0.50447,0.22228,1.15053,1.59675,0.65873,0.92828,0.000840054,0.000840054,0.000840054
81,4096.37,0.95803,1.25212,0.55723,0.89975,0.86581,0.68397,0.79761,0.51978,0.64605,0.53057,0.52798,0.22431,1.14474,1.62413,0.65645,0.94908,0.00083622,0.00083622,0.00083622
82,4146.89,0.95879,1.2278,0.5573,0.90238,0.87236,0.71473,0.81299,0.52086,0.69774,0.57187,0.57983,0.25376,1.16053,1.60817,0.63887,0.93596,0.000832349,0.000832349,0.000832349
83,4197.25,0.97068,1.24928,0.56581,0.90314,0.86287,0.71573,0.81507,0.5262,0.67025,0.51454,0.53911,0.24354,1.13864,1.6542,0.65697,0.93606,0.000828443,0.000828443,0.000828443
84,4247.56,0.9566,1.22847,0.55566,0.90065,0.83756,0.68934,0.79374,0.516,0.62034,0.54767,0.51698,0.21521,1.15742,1.55156,0.66612,0.9305,0.000824502,0.000824502,0.000824502
85,4298.33,0.95688,1.22283,0.5555,0.90015,0.87581,0.67526,0.81268,0.53117,0.70243,0.53124,0.5739,0.26102,1.12378,1.55986,0.67089,0.92396,0.000820525,0.000820525,0.000820525
86,4349.14,0.95702,1.21707,0.55328,0.89876,0.88232,0.69808,0.79964,0.51661,0.6874,0.54881,0.55706,0.24912,1.12525,1.58836,0.6461,0.93928,0.000816514,0.000816514,0.000816514
87,4399.31,0.94509,1.20593,0.54978,0.89876,0.85544,0.71236,0.80461,0.52361,0.63647,0.55164,0.53619,0.24328,1.13169,1.56116,0.64899,0.9412,0.000812468,0.000812468,0.000812468
88,4449.27,0.94212,1.20006,0.54772,0.89914,0.83355,0.71628,0.80554,0.51136,0.6056,0.52931,0.51728,0.23447,1.14671,1.52615,0.65447,0.94603,0.000808389,0.000808389,0.000808389
89,4499.58,0.95266,1.23262,0.55477,0.89909,0.86621,0.67054,0.80124,0.52391,0.68015,0.51259,0.53992,0.22868,1.13773,1.56819,0.65943,0.94057,0.000804277,0.000804277,0.000804277
90,4550.14,0.94917,1.20967,0.5514,0.89833,0.8518,0.72274,0.80908,0.53392,0.64557,0.55246,0.55168,0.23408,1.13025,1.64319,0.65552,0.93128,0.000800131,0.000800131,0.000800131
91,4601.12,0.94544,1.21516,0.55229,0.89671,0.8581,0.71472,0.81917,0.52889,0.66262,0.56455,0.56618,0.24767,1.13259,1.50015,0.64072,0.94029,0.000795954,0.000795954,0.000795954
92,4651.82,0.94363,1.19764,0.54727,0.89491,0.85194,0.69694,0.80675,0.52988,0.68991,0.51553,0.55236,0.24954,1.13132,1.50256,0.65222,0.93899,0.000791744,0.000791744,0.000791744
93,4702.19,0.9281,1.177,0.54028,0.8933,0.83284,0.68525,0.79437,0.53277,0.68661,0.51177,0.55184,0.24976,1.09641,1.49595,0.65209,0.93142,0.000787503,0.000787503,0.000787503
94,4752.52,0.93643,1.1711,0.54098,0.8944,0.86707,0.68585,0.81092,0.52888,0.66318,0.511,0.53878,0.24385,1.14325,1.45411,0.65254,0.94604,0.000783231,0.000783231,0.000783231
95,4803.6,0.94122,1.19396,0.54429,0.8938,0.90193,0.68585,0.81097,0.52354,0.7145,0.54274,0.5702,0.26185,1.114,1.55351,0.62395,0.92596,0.000778929,0.000778929,0.000778929
96,4854.61,0.9286,1.18561,0.53837,0.89355,0.8622,0.71339,0.81259,0.54952,0.65983,0.55308,0.55501,0.24948,1.082,1.53728,0.63025,0.91679,0.000774596,0.000774596,0.000774596
97,4904.91,0.93488,1.19966,0.5462,0.89547,0.8553,0.70043,0.80551,0.52822,0.65893,0.52017,0.52948,0.24622,1.09772,1.52445,0.62394,0.94781,0.000770234,0.000770234,0.000770234
98,4956.12,0.90642,1.15,0.53466,0.8924,0.8647,0.6729,0.80444,0.54438,0.65022,0.50618,0.52677,0.23513,1.10601,1.50704,0.64809,0.92089,0.000765843,0.000765843,0.000765843
99,5006.55,0.93439,1.18741,0.54569,0.89468,0.86104,0.69495,0.80272,0.53148,0.66398,0.54156,0.55754,0.2382,1.11766,1.59891,0.64806,0.9194,0.000761423,0.000761423,0.000761423
100,5056.95,0.93074,1.17104,0.53888,0.89359,0.87099,0.68749,0.80713,0.52773,0.66425,0.53001,0.55134,0.24461,1.13383,1.5678,0.63547,0.93394,0.000756976,0.000756976,0.000756976
101,5107.12,0.92898,1.1806,0.53904,0.89214,0.8408,0.72208,0.81731,0.53811,0.64605,0.56786,0.55853,0.25151,1.09728,1.47666,0.62938,0.93443,0.0007525,0.0007525,0.0007525
102,5157.57,0.92277,1.19716,0.53869,0.89319,0.80157,0.71869,0.78906,0.51545,0.62827,0.57245,0.56428,0.23712,1.08947,1.52027,0.63275,0.929,0.000747997,0.000747997,0.000747997
103,5208.47,0.90757,1.1583,0.52874,0.88942,0.86551,0.68843,0.81155,0.54305,0.66569,0.52766,0.57552,0.24426,1.09644,1.50492,0.63881,0.93521,0.000743468,0.000743468,0.000743468
104,5259.85,0.90845,1.15027,0.52768,0.88778,0.8871,0.71557,0.81571,0.54246,0.6894,0.56343,0.57405,0.24806,1.07844,1.45693,0.62535,0.9224,0.000738913,0.000738913,0.000738913
105,5311.07,0.93198,1.17044,0.53658,0.893,0.88117,0.69855,0.8169,0.53258,0.70683,0.56579,0.60305,0.25866,1.13979,1.47833,0.63052,0.92391,0.000734332,0.000734332,0.000734332
106,5361.98,0.90805,1.1609,0.53046,0.89206,0.9073,0.70786,0.81874,0.53746,0.70495,0.58114,0.59205,0.27396,1.10844,1.52203,0.63272,0.93019,0.000729725,0.000729725,0.000729725
107,5413.29,0.90121,1.13901,0.52632,0.88735,0.89427,0.71112,0.83246,0.54881,0.70054,0.56373,0.58547,0.26763,1.12846,1.49058,0.62556,0.93589,0.000725094,0.000725094,0.000725094
108,5464.1,0.91465,1.15907,0.53056,0.88899,0.89324,0.67991,0.81077,0.53851,0.67001,0.50069,0.52612,0.22481,1.11021,1.59041,0.64104,0.9215,0.000720439,0.000720439,0.000720439
109,5515.23,0.92217,1.16518,0.53556,0.88982,0.87827,0.71674,0.81753,0.54487,0.67979,0.54781,0.5613,0.24182,1.10675,1.51829,0.62525,0.92448,0.000715761,0.000715761,0.000715761
110,5567.22,0.88723,1.13383,0.52099,0.88453,0.90692,0.7053,0.82376,0.54741,0.68867,0.53723,0.55814,0.25179,1.10852,1.47934,0.61629,0.91898,0.000711059,0.000711059,0.000711059
111,5618.96,0.89402,1.14117,0.5244,0.888,0.89807,0.67757,0.81735,0.54556,0.6909,0.52979,0.57149,0.27042,1.10031,1.48009,0.62292,0.93617,0.000706335,0.000706335,0.000706335
112,5670.1,0.89769,1.14243,0.52531,0.88609,0.84116,0.71921,0.81285,0.54411,0.64444,0.54792,0.55281,0.25371,1.09867,1.5037,0.62443,0.92764,0.000701588,0.000701588,0.000701588
113,5721.91,0.8984,1.14431,0.52385,0.88685,0.86884,0.71313,0.81948,0.55653,0.66823,0.54955,0.57287,0.25837,1.06918,1.48268,0.61819,0.92341,0.00069682,0.00069682,0.00069682
114,5773.59,0.89211,1.12404,0.52275,0.88654,0.88071,0.70628,0.82434,0.53802,0.68989,0.52419,0.56238,0.24579,1.09617,1.47496,0.62896,0.92535,0.000692031,0.000692031,0.000692031
115,5824.94,0.89637,1.14782,0.52268,0.88439,0.87202,0.68942,0.81068,0.53949,0.6633,0.53224,0.55857,0.24534,1.08548,1.49713,0.63707,0.91387,0.000687222,0.000687222,0.000687222
116,5876.45,0.89482,1.12985,0.5235,0.88853,0.8389,0.72552,0.8169,0.5163,0.6211,0.55079,0.53764,0.248,1.11647,1.45656,0.64554,0.96053,0.000682392,0.000682392,0.000682392
117,5927.7,0.87329,1.11982,0.51458,0.88125,0.87026,0.69304,0.8154,0.54449,0.69202,0.55823,0.59535,0.26202,1.07453,1.44388,0.62458,0.93512,0.000677543,0.000677543,0.000677543
118,5979.05,0.8898,1.13948,0.522,0.88695,0.87602,0.70889,0.82171,0.54518,0.68894,0.53827,0.57373,0.25089,1.06034,1.44986,0.61192,0.92341,0.000672675,0.000672675,0.000672675
119,6030.4,0.88797,1.13909,0.51878,0.88699,0.87997,0.69246,0.80782,0.5339,0.6739,0.53785,0.5616,0.24054,1.09096,1.49186,0.62823,0.92995,0.000667789,0.000667789,0.000667789
120,6082.64,0.90804,1.13425,0.52499,0.88578,0.86528,0.69425,0.8097,0.53654,0.70451,0.55551,0.58904,0.25543,1.12254,1.60748,0.63495,0.93617,0.000662885,0.000662885,0.000662885
121,6134.24,0.8888,1.11598,0.52064,0.88656,0.87298,0.71392,0.82209,0.54715,0.63546,0.52081,0.52553,0.22452,1.10176,1.53006,0.61775,0.94647,0.000657963,0.000657963,0.000657963
122,6186.78,0.87821,1.11714,0.51529,0.88705,0.85053,0.7183,0.8205,0.53746,0.65904,0.57186,0.58485,0.26713,1.12179,1.50455,0.62788,0.94624,0.000653025,0.000653025,0.000653025
123,6238.42,0.88341,1.11403,0.51997,0.88325,0.90017,0.69376,0.82043,0.55326,0.69479,0.52139,0.55781,0.24029,1.07834,1.50702,0.61377,0.93682,0.000648071,0.000648071,0.000648071
124,6290.01,0.87347,1.11176,0.51419,0.88502,0.88109,0.71785,0.82053,0.55237,0.71765,0.58963,0.61257,0.25992,1.05394,1.45694,0.61975,0.94166,0.000643101,0.000643101,0.000643101
125,6341.52,0.86228,1.10163,0.5053,0.88125,0.88633,0.70376,0.81979,0.54406,0.71697,0.55612,0.57977,0.26673,1.09008,1.52973,0.62688,0.93028,0.000638115,0.000638115,0.000638115
126,6393.33,0.87875,1.11673,0.51416,0.88413,0.87208,0.71765,0.83081,0.55267,0.67693,0.52326,0.5665,0.25801,1.07309,1.48157,0.61086,0.92398,0.000633115,0.000633115,0.000633115
127,6444.54,0.88092,1.12145,0.51264,0.88148,0.91646,0.68911,0.82049,0.54922,0.72093,0.53697,0.56621,0.24088,1.07737,1.51728,0.60528,0.94405,0.000628101,0.000628101,0.000628101
